churn_month,product,billingCountry,starting_revenue,starting_customers,retained_revenue,retained_customers
2015-02-01,BUSINESS,United Kingdom,671.9833333333333,2,671.9833333333333,2
2015-02-01,BUSINESS,United States,399.99,1,0.0,0
2015-02-01,GURU,United States,703.965,4,703.965,4
2015-02-01,PRO,Canada,79.99,1,0.0,0
2015-02-01,PRO,France,83.99166666666666,1,83.99166666666666,1
2015-02-01,PRO,India,199.98,2,0.0,0
2015-02-01,PRO,United Kingdom,183.98166666666665,2,419.98333333333335,2
2015-02-01,PRO,United States,183.98166666666665,2,183.98166666666665,2
2015-03-01,BUSINESS,India,399.99,1,0.0,0
2015-03-01,BUSINESS,United Kingdom,1743.9566666666667,5,1343.9666666666667,4
2015-03-01,GURU,Canada,167.99166666666667,1,167.99166666666667,1
2015-03-01,GURU,France,399.98,2,0.0,0
2015-03-01,GURU,India,359.98,2,0.0,0
2015-03-01,GURU,United Kingdom,1167.9416666666666,6,167.99166666666667,1
2015-03-01,GURU,United States,1103.9450000000002,6,703.965,4
2015-03-01,PRO,Canada,183.98166666666665,2,83.99166666666666,1
2015-03-01,PRO,France,283.97166666666664,3,83.99166666666666,1
2015-03-01,PRO,India,713.9216666666666,8,83.99166666666666,1
2015-03-01,PRO,United Kingdom,951.905,10,751.9549999999999,5
2015-03-01,PRO,United States,617.9333333333333,7,467.9533333333333,5
2015-04-01,BUSINESS,India,799.98,2,399.99,1
2015-04-01,BUSINESS,United Kingdom,2799.9283333333333,8,2179.9383333333335,7
2015-04-01,BUSINESS,United States,799.98,2,0.0,0
2015-04-01,GURU,Canada,735.9633333333334,4,735.9633333333334,4
2015-04-01,GURU,France,399.98,2,0.0,0
2015-04-01,GURU,India,599.97,3,399.99,1
2015-04-01,GURU,United Kingdom,1371.936666666667,8,771.9666666666667,5
2015-04-01,GURU,United States,1663.9250000000002,10,1003.955,6
2015-04-01,PRO,Canada,267.9733333333333,3,327.97333333333336,3
2015-04-01,PRO,France,363.96166666666664,4,183.98166666666665,2
2015-04-01,PRO,India,367.9633333333333,4,367.97333333333336,3
2015-04-01,PRO,United Kingdom,1021.8941666666666,12,1141.9141666666667,10
2015-04-01,PRO,United States,1983.7999999999995,21,903.91,10
2015-05-01,BUSINESS,France,399.99,1,0.0,0
2015-05-01,BUSINESS,India,1135.9716666666668,3,735.9816666666667,2
2015-05-01,BUSINESS,United Kingdom,3551.9116666666673,10,3551.9116666666673,10
2015-05-01,BUSINESS,United States,1135.9716666666668,3,335.9916666666667,1
2015-05-01,GURU,Canada,2199.888333333334,12,1439.9283333333337,8
2015-05-01,GURU,France,1431.9266666666667,8,971.9466666666667,6
2015-05-01,GURU,India,199.99,1,199.99,1
2015-05-01,GURU,United Kingdom,2739.868333333334,15,1323.93,8
2015-05-01,GURU,United States,2667.87,15,2167.8800000000006,13
2015-05-01,PRO,Canada,367.9633333333333,4,267.9733333333333,3
2015-05-01,PRO,France,583.9416666666666,6,183.98166666666665,2
2015-05-01,PRO,India,1119.8883333333333,12,919.9083333333333,10
2015-05-01,PRO,United Kingdom,2535.744999999999,28,1455.855,17
2015-05-01,PRO,United States,2235.774999999999,24,1407.878333333333,14
2015-06-01,BUSINESS,France,399.99,1,99.99,1
2015-06-01,BUSINESS,India,1135.9716666666668,3,735.9816666666667,2
2015-06-01,BUSINESS,United Kingdom,4887.883333333333,14,3987.8833333333337,13
2015-06-01,BUSINESS,United States,1807.955,5,1007.975,3
2015-06-01,GURU,Canada,2367.88,13,1707.91,10
2015-06-01,GURU,France,1439.9283333333337,8,1239.9383333333335,7
2015-06-01,GURU,India,1359.93,7,643.9616666666667,4
2015-06-01,GURU,United Kingdom,2907.8599999999997,16,1207.94,7
2015-06-01,GURU,United States,4942.151666666666,27,3186.245000000001,18
2015-06-01,PRO,Canada,635.9366666666666,7,535.9466666666666,6
2015-06-01,PRO,France,463.95166666666665,5,183.98166666666665,2
2015-06-01,PRO,India,2187.771666666666,24,1287.8716666666667,14
2015-06-01,PRO,United Kingdom,3514.8324999999977,41,1969.0041666666662,24
2015-06-01,PRO,United States,2871.7116666666648,31,1571.8416666666662,18
2015-07-01,BUSINESS,Canada,399.99,1,0.0,0
2015-07-01,BUSINESS,France,335.9916666666667,1,335.9916666666667,1
2015-07-01,BUSINESS,India,1535.9616666666668,4,435.9816666666667,2
2015-07-01,BUSINESS,United Kingdom,3887.9033333333336,11,3587.9033333333336,11
2015-07-01,BUSINESS,United States,2879.938333333334,9,1679.9583333333335,5
2015-07-01,GURU,Canada,1807.9100000000005,10,1407.9300000000003,8
2015-07-01,GURU,France,1975.9016666666669,11,1375.9316666666668,8
2015-07-01,GURU,India,2563.875,14,987.9466666666667,6
2015-07-01,GURU,United Kingdom,4007.7999999999993,21,2027.9033333333334,11
2015-07-01,GURU,United States,4414.178333333334,25,3254.2383333333346,19
2015-07-01,PRO,Canada,1733.8199999999997,19,1263.8699999999997,14
2015-07-01,PRO,France,709.9291666666667,8,409.95916666666665,5
2015-07-01,PRO,India,2465.744999999999,27,1385.8549999999996,16
2015-07-01,PRO,United Kingdom,4522.744166666665,51,2972.904166666666,35
2015-07-01,PRO,United States,3586.8383333333322,39,2361.371666666666,26
2015-08-01,BUSINESS,France,1471.9633333333334,4,671.9833333333333,2
2015-08-01,BUSINESS,India,1535.9616666666668,4,335.9916666666667,1
2015-08-01,BUSINESS,United Kingdom,6079.846666666666,17,4559.886666666667,13
2015-08-01,BUSINESS,United States,3079.9283333333333,9,2247.94,7
2015-08-01,GURU,Canada,2275.8916666666673,13,1275.9416666666666,8
2015-08-01,GURU,France,1775.9116666666669,10,1175.9416666666666,7
2015-08-01,GURU,India,2063.895,11,1103.9450000000002,6
2015-08-01,GURU,United Kingdom,3194.2408333333333,18,1594.3208333333337,10
2015-08-01,GURU,United States,5258.9383333333335,30,4258.9783333333335,26
2015-08-01,PRO,Canada,2245.7649999999994,25,1595.8349999999996,18
2015-08-01,PRO,France,1193.8808333333334,13,793.9208333333333,9
2015-08-01,PRO,India,3202.866666666666,36,1853.016666666666,21
2015-08-01,PRO,United Kingdom,5216.674999999998,59,3746.8683333333333,41
2015-08-01,PRO,United States,5058.682499999997,56,3248.9025000000006,34
2015-09-01,BUSINESS,Canada,799.98,2,0.0,0
2015-09-01,BUSINESS,France,671.9833333333333,2,671.9833333333333,2
2015-09-01,BUSINESS,India,1935.9516666666668,5,503.98333333333335,2
2015-09-01,BUSINESS,United Kingdom,7167.821666666667,20,4867.871666666668,15
2015-09-01,BUSINESS,United States,4679.888333333333,13,2079.9483333333333,6
2015-09-01,GURU,Canada,2443.883333333333,14,1843.9133333333334,11
2015-09-01,GURU,France,2479.876666666667,14,1679.916666666667,10
2015-09-01,GURU,India,3852.610833333333,22,2452.6708333333336,15
2015-09-01,GURU,United Kingdom,4822.1624999999985,27,2702.2625,17
2015-09-01,GURU,United States,6194.891666666666,35,4874.961666666668,29
2015-09-01,PRO,Canada,2525.7349999999997,28,1935.8249999999994,19
2015-09-01,PRO,France,1693.8208333333332,19,893.9208333333333,9
2015-09-01,PRO,India,4008.7833333333315,45,2330.976666666666,26
2015-09-01,PRO,United Kingdom,6022.589999999999,69,4448.7575,53
2015-09-01,PRO,United States,6166.564166666663,69,4190.825833333334,43
2015-10-01,BUSINESS,France,1071.9733333333334,3,671.9833333333333,2
2015-10-01,BUSINESS,India,2871.9333333333334,8,955.975,4
2015-10-01,BUSINESS,United Kingdom,8639.785,24,5039.875000000001,15
2015-10-01,BUSINESS,United States,4799.888333333333,14,2749.9183333333335,10
2015-10-01,GURU,Canada,4371.785,24,2971.8450000000003,18
2015-10-01,GURU,France,4131.794166666667,23,2331.8841666666676,14
2015-10-01,GURU,India,5056.545833333333,28,2864.657500000001,17
2015-10-01,GURU,United Kingdom,5758.1158333333315,32,4158.2058333333325,23
2015-10-01,GURU,United States,7057.246666666667,40,5665.3200000000015,33
2015-10-01,PRO,Canada,2217.769999999999,25,1837.8299999999995,19
2015-10-01,PRO,France,1267.8716666666664,15,887.9116666666666,11
2015-10-01,PRO,India,4512.743333333332,50,2930.9249999999997,32
2015-10-01,PRO,United Kingdom,8224.374166666661,92,5380.679166666668,62
2015-10-01,PRO,United States,6637.707499999998,76,4659.942499999999,53
2015-11-01,BUSINESS,Canada,1135.9716666666668,3,335.9916666666667,1
2015-11-01,BUSINESS,France,1471.9633333333334,4,671.9833333333333,2
2015-11-01,BUSINESS,India,2471.9433333333336,7,1071.9733333333334,3
2015-11-01,BUSINESS,United Kingdom,6639.835000000001,19,5039.875000000001,15
2015-11-01,BUSINESS,United States,5567.864166666666,16,3047.9141666666674,11
2015-11-01,GURU,Canada,5107.748333333333,28,3147.838333333334,19
2015-11-01,GURU,France,3299.8358333333344,19,2499.875833333334,15
2015-11-01,GURU,India,7036.4541666666655,39,4436.574166666667,26
2015-11-01,GURU,United Kingdom,9829.92083333333,55,5330.130833333333,32
2015-11-01,GURU,United States,8961.151666666665,50,6781.2750000000015,38
2015-11-01,PRO,Canada,3205.6716666666653,36,2375.7716666666656,26
2015-11-01,PRO,France,2071.7933333333326,23,1055.895,13
2015-11-01,PRO,India,5175.873333333331,58,3450.0549999999994,40
2015-11-01,PRO,United Kingdom,9172.274999999992,104,7362.515,80
2015-11-01,PRO,United States,9091.456666666658,103,6025.788333333334,70
2015-12-01,BUSINESS,Canada,1871.9533333333334,5,1071.9733333333334,3
2015-12-01,BUSINESS,France,2271.9433333333336,6,871.9633333333334,4
2015-12-01,BUSINESS,India,2591.9333333333334,7,1371.9433333333334,6
2015-12-01,BUSINESS,United Kingdom,7439.8150000000005,21,5439.865000000002,16
2015-12-01,BUSINESS,United States,6927.8325,20,4927.882500000001,15
2015-12-01,GURU,Canada,4347.788333333333,24,2947.8583333333336,17
2015-12-01,GURU,France,4499.775833333333,25,2999.8458333333338,18
2015-12-01,GURU,India,7604.425833333332,42,4704.565833333334,27
2015-12-01,GURU,United Kingdom,10825.874166666663,61,7068.440833333333,44
2015-12-01,GURU,United States,10991.446666666665,62,7563.610000000002,46
2015-12-01,PRO,Canada,3359.6633333333325,37,2559.743333333333,29
2015-12-01,PRO,France,2637.7299999999987,30,1749.8358333333324,20
2015-12-01,PRO,India,7536.844999999997,83,5159.108333333334,57
2015-12-01,PRO,United Kingdom,11149.265833333324,127,8127.609166666666,93
2015-12-01,PRO,United States,9833.379999999994,112,7404.520000000001,79
2016-01-01,BUSINESS,Canada,1871.9533333333334,5,1071.9733333333334,3
2016-01-01,BUSINESS,France,1871.9533333333334,5,1071.9733333333334,3
2016-01-01,BUSINESS,India,2476.7383333333337,7,1376.7583333333332,5
2016-01-01,BUSINESS,United Kingdom,8095.796666666667,23,5439.865000000002,16
2016-01-01,BUSINESS,United States,7788.609166666667,23,5768.649166666667,18
2016-01-01,GURU,Canada,4415.79,25,3615.8233333333337,21
2016-01-01,GURU,France,3667.817500000001,21,2767.857500000001,17
2016-01-01,GURU,India,7208.440833333332,40,5328.535833333334,31
2016-01-01,GURU,United Kingdom,11660.23583333333,67,7764.4175000000005,46
2016-01-01,GURU,United States,12175.41,71,9103.558333333336,53
2016-01-01,PRO,Canada,3891.598333333333,44,2811.7283333333335,31
2016-01-01,PRO,France,2933.7075,33,1649.8458333333326,19
2016-01-01,PRO,India,7142.871666666665,81,5747.0633333333335,62
2016-01-01,PRO,United Kingdom,12775.09833333332,147,9639.469999999996,110
2016-01-01,PRO,United States,10391.339999999995,118,7471.680000000002,84
2016-02-01,BUSINESS,Canada,2143.9466666666667,6,2143.9466666666667,6
2016-02-01,BUSINESS,France,2207.945,6,1007.975,3
2016-02-01,BUSINESS,India,4812.6799999999985,13,1912.7400000000002,7
2016-02-01,BUSINESS,United Kingdom,10463.7425,30,6543.834166666668,21
2016-02-01,BUSINESS,United States,11844.50083333333,33,8004.600833333333,23
2016-02-01,GURU,Canada,5387.736666666667,30,3769.805000000001,22
2016-02-01,GURU,France,5342.129999999999,31,4022.2000000000007,24
2016-02-01,GURU,India,7916.410833333334,45,5400.512500000002,34
2016-02-01,GURU,United Kingdom,13744.119999999995,78,10180.289999999999,60
2016-02-01,GURU,United States,13895.309166666664,79,9355.529166666669,56
2016-02-01,PRO,Canada,4469.540833333333,51,3585.679166666667,37
2016-02-01,PRO,France,3245.672499999999,37,2135.782499999999,26
2016-02-01,PRO,India,9786.619999999995,108,6920.951666666669,75
2016-02-01,PRO,United Kingdom,15654.812499999987,179,11153.324166666662,128
2016-02-01,PRO,United States,12423.142499999994,140,9345.528333333334,102
2016-03-01,BUSINESS,Canada,3599.908333333333,10,2479.9383333333335,7
2016-03-01,BUSINESS,France,2543.9366666666665,7,2143.9466666666667,6
2016-03-01,BUSINESS,India,6668.631666666665,18,3948.701666666666,11
2016-03-01,BUSINESS,United Kingdom,10415.745833333334,30,8079.804166666668,24
2016-03-01,BUSINESS,United States,12948.477499999997,36,8432.569166666666,27
2016-03-01,GURU,Canada,7687.615,42,4959.743333333335,29
2016-03-01,GURU,France,6814.056666666666,39,5014.156666666667,29
2016-03-01,GURU,India,9082.750833333332,52,6332.870833333335,39
2016-03-01,GURU,United Kingdom,20702.176666666677,114,12474.556666666665,73
2016-03-01,GURU,United States,16991.159166666657,97,12459.390833333337,74
2016-03-01,PRO,Canada,5391.445833333332,61,3675.635833333333,42
2016-03-01,PRO,France,4259.563333333332,49,2579.733333333333,32
2016-03-01,PRO,India,11538.433333333325,128,8774.771666666666,94
2016-03-01,PRO,United Kingdom,20546.331666666665,231,14594.194999999994,165
2016-03-01,PRO,United States,17167.863333333324,193,11792.485,131
2016-04-01,BUSINESS,Canada,3479.918333333333,10,2279.9383333333335,7
2016-04-01,BUSINESS,France,3743.906666666666,10,2143.9466666666667,6
2016-04-01,BUSINESS,India,7820.604999999999,21,3684.703333333334,11
2016-04-01,BUSINESS,United Kingdom,12551.697499999998,36,8379.764166666666,27
2016-04-01,BUSINESS,United States,13396.4625,38,9520.530833333332,31
2016-04-01,GURU,Canada,8831.56,48,4611.766666666669,27
2016-04-01,GURU,France,5714.116666666667,34,4516.181666666667,27
2016-04-01,GURU,India,13574.526666666663,76,8366.770000000002,51
2016-04-01,GURU,United Kingdom,20505.374166666657,114,14471.649166666664,87
2016-04-01,GURU,United States,18983.860833333325,109,12714.157500000001,78
2016-04-01,PRO,Canada,6526.532499999996,73,4460.754166666666,51
2016-04-01,PRO,France,5161.46833333333,59,3399.66,40
2016-04-01,PRO,India,13594.228333333323,150,9364.705833333333,103
2016-04-01,PRO,United Kingdom,20532.686666666657,240,16297.238333333331,185
2016-04-01,PRO,United States,18395.344999999983,209,13591.935000000005,151
2016-05-01,BUSINESS,Canada,4015.8999999999996,11,3615.91,10
2016-05-01,BUSINESS,France,4343.8966666666665,12,2943.9266666666663,9
2016-05-01,BUSINESS,India,8260.594166666666,23,4340.684166666667,14
2016-05-01,BUSINESS,United Kingdom,14551.637499999997,40,9595.735833333334,30
2016-05-01,BUSINESS,United States,15028.425833333331,42,10392.534166666666,31
2016-05-01,GURU,Canada,7495.626666666667,41,5179.7383333333355,30
2016-05-01,GURU,France,5334.137500000001,32,4006.195833333334,25
2016-05-01,GURU,India,14764.871666666664,86,9933.075,64
2016-05-01,GURU,United Kingdom,22223.7,127,16470.361666666668,98
2016-05-01,GURU,United States,21915.71499999999,126,15165.625,92
2016-05-01,PRO,Canada,6850.491666666667,79,4690.740000000002,54
2016-05-01,PRO,France,6031.364999999996,71,4238.758333333332,52
2016-05-01,PRO,India,13993.384999999991,156,9803.050000000001,111
2016-05-01,PRO,United Kingdom,24874.286666666638,283,18203.85249999999,207
2016-05-01,PRO,United States,20999.053333333326,240,15244.565833333334,171
2016-06-01,BUSINESS,Canada,4615.889999999999,13,3015.91,10
2016-06-01,BUSINESS,France,4279.8983333333335,12,2343.936666666667,7
2016-06-01,BUSINESS,India,8396.595833333331,24,5480.6575,18
2016-06-01,BUSINESS,United Kingdom,15007.629166666664,42,10691.710833333334,33
2016-06-01,BUSINESS,United States,17292.372499999998,50,11540.504166666666,36
2016-06-01,GURU,Canada,7234.045000000001,41,6034.095000000002,35
2016-06-01,GURU,France,7796.421666666666,46,5160.538333333334,33
2016-06-01,GURU,India,15100.854166666662,88,10797.054166666669,67
2016-06-01,GURU,United Kingdom,27348.2475,156,19528.627499999995,115
2016-06-01,GURU,United States,23040.454999999994,134,17304.723333333324,106
2016-06-01,PRO,Canada,7440.438333333334,86,5696.636666666668,66
2016-06-01,PRO,France,6922.47833333333,81,4900.722499999999,56
2016-06-01,PRO,India,16264.355833333324,182,11792.867499999998,132
2016-06-01,PRO,United Kingdom,27200.868333333314,308,20507.602499999968,235
2016-06-01,PRO,United States,23925.96166666665,273,17330.734166666654,197
2016-07-01,BUSINESS,Canada,5615.859999999999,15,3615.91,10
2016-07-01,BUSINESS,France,3343.916666666666,9,1491.9566666666667,5
2016-07-01,BUSINESS,India,10676.534999999998,31,7156.6050000000005,23
2016-07-01,BUSINESS,United Kingdom,17199.5725,48,10827.712500000001,34
2016-07-01,BUSINESS,United States,17113.179166666665,50,13313.269166666665,40
2016-07-01,GURU,Canada,9501.926666666666,52,7082.036666666669,41
2016-07-01,GURU,France,9504.341666666665,56,8104.411666666668,47
2016-07-01,GURU,India,15384.849166666665,90,11605.425833333336,70
2016-07-01,GURU,United Kingdom,30006.502500000002,172,21104.493333333314,130
2016-07-01,GURU,United States,27132.248333333326,156,18890.243333333325,116
2016-07-01,PRO,Canada,8399.546666666667,97,6565.745000000001,77
2016-07-01,PRO,France,6366.549166666664,74,5016.699166666666,59
2016-07-01,PRO,India,17580.209166666657,199,13743.466666666665,153
2016-07-01,PRO,United Kingdom,27722.010833333272,317,21118.74999999997,243
2016-07-01,PRO,United States,24763.869999999977,286,19586.95749999996,217
2016-08-01,BUSINESS,Canada,4815.889999999999,14,3383.911666666667,11
2016-08-01,BUSINESS,France,3807.9049999999997,10,2275.1383333333333,7
2016-08-01,BUSINESS,India,10828.528333333332,31,7492.6,24
2016-08-01,BUSINESS,United Kingdom,20671.484166666658,58,13039.650833333335,40
2016-08-01,BUSINESS,United States,20905.082500000008,60,15089.195833333331,48
2016-08-01,GURU,Canada,10004.301666666666,55,7736.420000000001,43
2016-08-01,GURU,France,10734.668333333331,62,6754.855000000001,43
2016-08-01,GURU,India,18755.064166666663,107,12574.551666666668,77
2016-08-01,GURU,United Kingdom,30168.10083333333,174,22068.492499999982,136
2016-08-01,GURU,United States,26861.868333333317,157,20342.163333333305,126
2016-08-01,PRO,Canada,9113.476666666666,105,7473.680000000003,85
2016-08-01,PRO,France,8876.307499999994,99,6604.585,72
2016-08-01,PRO,India,20281.923333333314,229,15722.503333333332,171
2016-08-01,PRO,United Kingdom,31793.964166666636,366,23922.86749999995,276
2016-08-01,PRO,United States,28697.911666666663,325,21356.768333333293,239
2016-09-01,BUSINESS,Canada,6007.853333333333,17,3287.913333333334,10
2016-09-01,BUSINESS,France,3663.9066666666668,10,2143.9466666666667,6
2016-09-01,BUSINESS,India,14716.43333333333,41,8314.975,27
2016-09-01,BUSINESS,United Kingdom,19889.100833333334,56,13933.239166666666,42
2016-09-01,BUSINESS,United States,23441.02250000001,68,16801.1625,52
2016-09-01,GURU,Canada,11840.213333333331,66,8172.381666666669,49
2016-09-01,GURU,France,11330.640833333333,66,8546.775000000001,52
2016-09-01,GURU,India,20194.197499999987,115,15386.459166666667,88
2016-09-01,GURU,United Kingdom,37394.156666666684,216,26823.843333333305,165
2016-09-01,GURU,United States,33733.53083333333,195,24659.54916666663,150
2016-09-01,PRO,Canada,11613.214166666661,133,8503.582500000004,96
2016-09-01,PRO,France,9560.640833333327,108,6936.95,76
2016-09-01,PRO,India,22673.308333333294,254,16548.031666666662,184
2016-09-01,PRO,United Kingdom,34044.97416666663,388,26953.834999999908,303
2016-09-01,PRO,United States,30260.145833333325,348,23583.76249999993,267
2016-10-01,BUSINESS,Canada,4223.895,12,3371.9050000000007,11
2016-10-01,BUSINESS,France,4719.878333333332,13,3199.918333333333,9
2016-10-01,BUSINESS,India,16588.396666666664,47,10040.519999999999,34
2016-10-01,BUSINESS,United Kingdom,22961.0225,65,16439.155833333334,52
2016-10-01,BUSINESS,United States,28530.49083333334,82,20678.666666666664,64
2016-10-01,GURU,Canada,13652.128333333332,77,10344.276666666668,60
2016-10-01,GURU,France,14552.884999999997,83,9857.120000000003,59
2016-10-01,GURU,India,23526.82749999998,134,16657.17583333333,99
2016-10-01,GURU,United Kingdom,39268.465833333335,228,27675.012499999968,168
2016-10-01,GURU,United States,35227.05666666665,206,25767.513333333285,157
2016-10-01,PRO,Canada,12641.11666666666,144,9137.486666666664,106
2016-10-01,PRO,France,10873.698333333332,124,8159.9866666666685,95
2016-10-01,PRO,India,23168.44999999996,263,19537.80666666662,208
2016-10-01,PRO,United Kingdom,37274.249166666596,427,29151.208333333212,330
2016-10-01,PRO,United States,35837.1566666667,412,28096.182499999915,309
2016-11-01,BUSINESS,Canada,5359.866666666667,15,3023.9250000000006,9
2016-11-01,BUSINESS,France,7471.811666666666,20,4195.883333333333,13
2016-11-01,BUSINESS,India,15188.425,44,11356.496666666666,37
2016-11-01,BUSINESS,United Kingdom,27437.710833333338,77,19497.89083333333,59
2016-11-01,BUSINESS,United States,28626.491666666665,83,19306.683333333334,62
2016-11-01,GURU,Canada,14436.0825,82,11556.217500000002,68
2016-11-01,GURU,France,12579.385,75,10657.88166666667,64
2016-11-01,GURU,India,27241.04666666664,157,19357.416666666657,117
2016-11-01,GURU,United Kingdom,44686.602500000015,257,31465.237499999956,190
2016-11-01,GURU,United States,44010.63750000001,252,30300.87749999995,184
2016-11-01,PRO,Canada,14708.106666666654,167,11667.686666666665,130
2016-11-01,PRO,France,12898.701666666662,146,10391.09166666667,109
2016-11-01,PRO,India,27250.81916666661,310,21604.38083333327,234
2016-11-01,PRO,United Kingdom,41438.20583333322,477,33034.0983333332,369
2016-11-01,PRO,United States,41246.61500000004,472,33273.731666666565,360
2016-12-01,BUSINESS,Canada,6095.848333333333,17,4495.888333333334,13
2016-12-01,BUSINESS,France,9159.776666666665,25,5559.8566666666675,16
2016-12-01,BUSINESS,India,20988.283333333322,60,13443.648333333333,42
2016-12-01,BUSINESS,United Kingdom,34925.52333333334,99,25825.74333333332,78
2016-12-01,BUSINESS,United States,34394.34666666667,97,22814.59666666666,71
2016-12-01,GURU,Canada,16319.985,94,13756.145000000004,78
2016-12-01,GURU,France,16783.983333333326,99,12306.18166666667,76
2016-12-01,GURU,India,31771.221666666654,180,22355.678333333315,133
2016-12-01,GURU,United Kingdom,47598.45416666667,275,36464.56249999996,221
2016-12-01,GURU,United States,45936.1325,262,32400.775833333293,193
2016-12-01,PRO,Canada,14767.282499999988,172,12973.664166666664,134
2016-12-01,PRO,France,12345.951666666666,143,9798.24333333334,114
2016-12-01,PRO,India,29613.77499999997,338,22820.653333333255,250
2016-12-01,PRO,United Kingdom,43249.2141666666,500,34448.344999999834,387
2016-12-01,PRO,United States,44253.50750000001,509,35652.67583333325,392
2017-01-01,BUSINESS,Canada,9031.779999999999,25,6159.846666666666,17
2017-01-01,BUSINESS,France,7631.81,21,4795.868333333334,15
2017-01-01,BUSINESS,India,19591.513333333325,56,15551.613333333335,46
2017-01-01,BUSINESS,United Kingdom,31437.626666666652,91,24005.799166666653,72
2017-01-01,BUSINESS,United States,58650.48833333333,84,21594.64666666666,67
2017-01-01,GURU,Canada,18311.90166666666,105,14580.095000000003,84
2017-01-01,GURU,France,15860.016666666665,93,13073.755833333335,78
2017-01-01,GURU,India,34259.90499999998,195,26288.308333333287,153
2017-01-01,GURU,United Kingdom,52146.23916666667,301,41278.768333333304,243
2017-01-01,GURU,United States,48507.986666666664,277,37548.51583333329,219
2017-01-01,PRO,Canada,13308.655833333329,156,11360.953333333335,125
2017-01-01,PRO,France,14023.7825,162,11690.099166666672,130
2017-01-01,PRO,India,28623.109999999942,327,22879.899166666582,250
2017-01-01,PRO,United Kingdom,42125.33916666658,490,36002.2591666665,397
2017-01-01,PRO,United States,42082.95083333338,488,34637.91666666654,390
2017-02-01,BUSINESS,Canada,10951.73,30,6533.81,21
2017-02-01,BUSINESS,France,6687.831666666668,19,4831.880000000001,14
2017-02-01,BUSINESS,India,18151.553333333326,52,13315.661666666669,41
2017-02-01,BUSINESS,United Kingdom,28173.709166666657,81,23229.832499999993,68
2017-02-01,BUSINESS,United States,25066.57999999999,74,20870.644999999993,66
2017-02-01,GURU,Canada,27053.855,151,16086.390000000003,95
2017-02-01,GURU,France,34444.70833333339,192,18977.433333333327,113
2017-02-01,GURU,India,48114.424999999974,274,33336.751666666605,196
2017-02-01,GURU,United Kingdom,76884.2408333335,439,52725.37250000002,313
2017-02-01,GURU,United States,76891.38666666682,428,47828.790000000015,281
2017-02-01,PRO,Canada,13382.646666666662,157,10630.951666666668,126
2017-02-01,PRO,France,14399.738333333331,168,11694.05916666667,135
2017-02-01,PRO,India,25153.88416666659,292,21528.31083333327,249
2017-02-01,PRO,United Kingdom,37830.99666666655,444,33223.67083333315,374
2017-02-01,PRO,United States,39951.57666666667,467,33701.60249999984,384
2017-03-01,BUSINESS,Canada,8623.783333333335,24,6139.826666666668,20
2017-03-01,BUSINESS,France,9167.771666666666,25,5651.853333333334,17
2017-03-01,BUSINESS,India,17735.56166666666,51,14414.033333333333,44
2017-03-01,BUSINESS,United Kingdom,27917.718333333316,81,20729.858333333323,66
2017-03-01,BUSINESS,United States,24234.59583333332,72,19878.68583333333,63
2017-03-01,GURU,Canada,27969.806666666667,157,18338.274999999987,108
2017-03-01,GURU,France,40454.808333333334,226,25585.930833333325,150
2017-03-01,GURU,India,56516.401666666665,320,39043.240833333286,231
2017-03-01,GURU,United Kingdom,89989.15416666711,511,62775.28916666677,371
2017-03-01,GURU,United States,85818.15250000032,479,55840.40250000004,327
2017-03-01,PRO,Canada,14472.919166666661,172,12759.160833333335,148
2017-03-01,PRO,France,17978.572499999984,207,15720.942500000001,170
2017-03-01,PRO,India,24813.922499999913,289,21972.322499999926,248
2017-03-01,PRO,United Kingdom,38176.96499999987,448,32434.526666666487,371
2017-03-01,PRO,United States,41233.85250000002,482,34332.2941666665,395
2017-04-01,BUSINESS,Canada,9039.775000000001,25,7103.823333333335,20
2017-04-01,BUSINESS,France,12079.694999999998,33,7059.8150000000005,21
2017-04-01,BUSINESS,India,19159.52833333332,55,13167.659166666668,40
2017-04-01,BUSINESS,United Kingdom,26941.734999999982,78,19469.911666666656,60
2017-04-01,BUSINESS,United States,24570.59749999999,74,21470.64416666665,68
2017-04-01,GURU,Canada,32111.99666666665,181,23819.589999999975,141
2017-04-01,GURU,France,55838.838333333304,311,32251.984999999957,191
2017-04-01,GURU,India,61670.55750000002,348,44076.969999999994,260
2017-04-01,GURU,United Kingdom,96411.29750000051,554,70830.47916666685,420
2017-04-01,GURU,United States,85665.35750000032,483,59345.821666666765,351
2017-04-01,PRO,Canada,16368.733333333328,193,14199.095833333331,155
2017-04-01,PRO,France,21646.61749999999,245,16327.2475,181
2017-04-01,PRO,India,25793.81083333326,301,21389.124166666596,249
2017-04-01,PRO,United Kingdom,37283.864166666564,438,30938.60583333316,362
2017-04-01,PRO,United States,40847.47749999997,481,36018.152499999895,412
2017-05-01,BUSINESS,Canada,11095.726666666666,31,7135.8166666666675,21
2017-05-01,BUSINESS,France,13431.668333333331,37,8075.786666666667,24
2017-05-01,BUSINESS,India,17793.157499999994,51,13277.259166666669,41
2017-05-01,BUSINESS,United Kingdom,27986.50916666666,82,22818.629166666655,70
2017-05-01,BUSINESS,United States,26250.547499999982,77,20213.093333333323,63
2017-05-01,GURU,Canada,44587.4025,250,30204.085833333273,180
2017-05-01,GURU,France,67377.48083333335,377,42026.6733333333,248
2017-05-01,GURU,India,65690.34250000001,371,47198.454999999994,275
2017-05-01,GURU,United Kingdom,101913.36083333395,583,74090.71500000027,440
2017-05-01,GURU,United States,98591.13916666727,556,65987.86666666676,391
2017-05-01,PRO,Canada,17431.85333333332,202,14106.263333333334,160
2017-05-01,PRO,France,23179.656666666666,263,17689.166666666664,192
2017-05-01,PRO,India,26061.784166666574,304,21815.094999999932,251
2017-05-01,PRO,United Kingdom,39115.640833333244,460,32750.469166666495,375
2017-05-01,PRO,United States,42891.670833333344,504,34699.39249999982,409
2017-06-01,BUSINESS,Canada,8911.778333333334,25,6711.828333333335,20
2017-06-01,BUSINESS,France,13257.269999999999,37,10557.33,31
2017-06-01,BUSINESS,India,19185.12083333333,55,13545.251666666669,41
2017-06-01,BUSINESS,United Kingdom,28994.49416666665,86,23866.582499999986,75
2017-06-01,BUSINESS,United States,26818.533333333322,78,19091.90499999999,60
2017-06-01,GURU,Canada,48436.01166666668,276,35279.02833333328,211
2017-06-01,GURU,France,87162.86750000039,486,54676.45583333336,322
2017-06-01,GURU,India,67802.26000000008,389,49383.13833333335,294
2017-06-01,GURU,United Kingdom,106080.33750000075,606,80223.19583333361,476
2017-06-01,GURU,United States,106625.14166666733,604,71958.8033333335,429
2017-06-01,PRO,Canada,17185.06333333332,202,15448.1775,171
2017-06-01,PRO,France,24535.529166666664,279,19928.18583333331,216
2017-06-01,PRO,India,26863.709166666587,312,21838.27749999994,254
2017-06-01,PRO,United Kingdom,37411.820833333266,441,31541.35583333315,367
2017-06-01,PRO,United States,40478.70833333329,480,36515.34749999988,414
2017-07-01,BUSINESS,Canada,8847.78,25,7047.8200000000015,21
2017-07-01,BUSINESS,France,19881.105000000003,55,13781.245,41
2017-07-01,BUSINESS,India,17625.16,51,15033.206666666669,46
2017-07-01,BUSINESS,United Kingdom,29730.465833333317,87,21749.02083333332,71
2017-07-01,BUSINESS,United States,22706.62999999999,68,20374.68666666666,62
2017-07-01,GURU,Canada,52138.221666666686,296,36376.57666666661,218
2017-07-01,GURU,France,98379.15250000062,553,64992.421666666756,382
2017-07-01,GURU,India,72997.99500000018,419,55612.410833333386,331
2017-07-01,GURU,United Kingdom,116393.44333333422,667,83263.84583333369,499
2017-07-01,GURU,United States,111333.71916666748,635,82179.11750000031,484
2017-07-01,PRO,Canada,17873.80583333331,209,15730.110833333334,178
2017-07-01,PRO,France,26897.299166666657,306,21842.339166666654,242
2017-07-01,PRO,India,25898.195833333244,304,22493.45083333326,257
2017-07-01,PRO,United Kingdom,37786.59333333322,442,31369.03749999981,355
2017-07-01,PRO,United States,40888.686666666676,482,34297.43249999977,405
2017-08-01,BUSINESS,Canada,9647.760000000002,27,7011.8183333333345,21
2017-08-01,BUSINESS,France,23497.01499999999,65,16261.183333333334,48
2017-08-01,BUSINESS,India,18977.133333333324,55,15841.21166666667,47
2017-08-01,BUSINESS,United Kingdom,27914.505833333325,81,20721.85916666666,65
2017-08-01,BUSINESS,United States,27202.521666666653,79,22022.633333333317,67
2017-08-01,GURU,Canada,57259.586666666684,326,39574.81999999998,233
2017-08-01,GURU,France,114886.38500000084,654,75290.66333333353,452
2017-08-01,GURU,India,78972.09333333357,451,58165.08416666672,346
2017-08-01,GURU,United Kingdom,121717.1616666676,703,90508.26250000043,549
2017-08-01,GURU,United States,109326.6116666674,626,81106.33333333365,483
2017-08-01,PRO,Canada,19640.827499999974,228,15863.330000000002,179
2017-08-01,PRO,France,31756.802499999972,360,24282.50083333328,270
2017-08-01,PRO,India,27050.88916666657,316,22891.81999999993,261
2017-08-01,PRO,United Kingdom,37191.434166666564,439,29887.05666666649,354
2017-08-01,PRO,United States,43332.445833333346,507,37044.929166666545,414
2017-09-01,BUSINESS,Canada,9383.771666666667,27,6847.830000000002,20
2017-09-01,BUSINESS,France,26760.93166666665,74,19345.09333333333,58
2017-09-01,BUSINESS,India,22105.058333333323,64,17177.163333333338,52
2017-09-01,BUSINESS,United Kingdom,24973.77916666666,73,17776.344166666662,56
2017-09-01,BUSINESS,United States,28199.30166666666,82,19149.891666666663,61
2017-09-01,GURU,Canada,62813.69583333333,356,43830.59583333327,260
2017-09-01,GURU,France,136760.49166666766,775,89424.34250000044,533
2017-09-01,GURU,India,87472.47000000038,502,63851.226666666764,377
2017-09-01,GURU,United Kingdom,128724.81416666761,745,95651.98916666716,580
2017-09-01,GURU,United States,121258.77500000097,691,87814.79000000042,524
2017-09-01,PRO,Canada,18608.930833333303,219,15211.400000000003,171
2017-09-01,PRO,France,36990.26499999998,420,27940.20833333325,305
2017-09-01,PRO,India,26161.364999999925,308,23159.038333333272,258
2017-09-01,PRO,United Kingdom,38800.099999999904,453,30643.57583333315,341
2017-09-01,PRO,United States,44227.57416666666,514,36058.96166666651,412
2017-10-01,BUSINESS,Canada,10431.736666666668,30,7639.803333333335,23
2017-10-01,BUSINESS,France,30293.64999999998,86,21517.858333333326,64
2017-10-01,BUSINESS,India,22913.034999999993,65,15805.200000000003,48
2017-10-01,BUSINESS,United Kingdom,25069.782499999998,74,18257.11916666666,59
2017-10-01,BUSINESS,United States,26493.739999999983,77,18693.926666666666,57
2017-10-01,GURU,Canada,68239.83416666671,387,42165.10249999995,251
2017-10-01,GURU,France,159477.74750000046,903,99399.82750000051,598
2017-10-01,GURU,India,97130.37000000056,555,70208.49083333352,419
2017-10-01,GURU,United Kingdom,132161.46500000096,770,98490.70250000052,598
2017-10-01,GURU,United States,128480.84666666768,740,89616.71833333377,543
2017-10-01,PRO,Canada,19861.99916666663,234,14787.365833333337,175
2017-10-01,PRO,France,39970.34083333326,458,27433.780833333236,313
2017-10-01,PRO,India,26557.33583333325,310,20148.02333333328,237
2017-10-01,PRO,United Kingdom,36609.936666666545,427,28723.674166666504,329
2017-10-01,PRO,United States,41931.39999999995,492,33462.40499999978,387
2017-11-01,BUSINESS,Canada,10631.736666666668,31,7607.805000000002,23
2017-11-01,BUSINESS,France,34709.539999999986,98,20477.886666666654,61
2017-11-01,BUSINESS,India,20565.886666666654,59,14102.030000000002,44
2017-11-01,BUSINESS,United Kingdom,24473.00249999999,73,15993.185000000001,50
2017-11-01,BUSINESS,United States,26173.74999999998,76,16919.556666666667,54
2017-11-01,GURU,Canada,70045.3433333334,399,43681.800833333305,263
2017-11-01,GURU,France,179574.32166666698,1019,107925.03833333391,651
2017-11-01,GURU,India,93286.55916666711,539,62284.09416666679,380
2017-11-01,GURU,United Kingdom,136205.30833333422,798,97951.1400000005,596
2017-11-01,GURU,United States,123245.89833333425,720,86150.92666666703,526
2017-11-01,PRO,Canada,19576.832499999975,230,15112.198333333337,172
2017-11-01,PRO,France,47297.57416666664,542,30266.315833333174,347
2017-11-01,PRO,India,27577.632499999916,321,19128.168333333295,222
2017-11-01,PRO,United Kingdom,36737.90166666655,430,27024.62999999985,314
2017-11-01,PRO,United States,39604.036666666565,466,30799.845833333104,361
2017-12-01,BUSINESS,Canada,10511.736666666668,30,7055.825000000002,21
2017-12-01,BUSINESS,France,36029.50666666665,102,21637.863333333313,65
2017-12-01,BUSINESS,India,17573.963333333333,51,12566.088333333337,38
2017-12-01,BUSINESS,United Kingdom,21977.051666666663,64,14649.23666666667,45
2017-12-01,BUSINESS,United States,20333.899999999994,61,15657.21166666667,48
2017-12-01,GURU,Canada,71843.62916666677,410,38285.30083333325,236
2017-12-01,GURU,France,198286.1941666668,1134,105246.77916666718,652
2017-12-01,GURU,India,90111.56083333373,527,59620.242500000146,366
2017-12-01,GURU,United Kingdom,138198.7666666675,810,91118.68000000046,563
2017-12-01,GURU,United States,123164.30000000092,720,81190.37250000038,502
2017-12-01,PRO,Canada,19842.809999999972,232,12380.371666666677,154
2017-12-01,PRO,France,49674.575833333365,569,26532.96749999983,327
2017-12-01,PRO,India,24775.901666666592,292,15521.660000000009,193
2017-12-01,PRO,United Kingdom,34606.92833333319,406,22266.190833333232,274
2017-12-01,PRO,United States,37603.43083333322,444,25827.43749999983,318
